{
    "speed": {
        "LOW/MEDIUM": 2.5999999046325684,
        "MEDIUM/HIGH": 6.03000020980835,
        "HIGH/CRITICAL": 7.539999961853027
    },
    "speed_limit_diff": {
        "LOW/MEDIUM": 8.239999771118164,
        "MEDIUM/HIGH": 13.460000038146973,
        "HIGH/CRITICAL": 15.710000038146973
    },
    "acceleration": {
        "LOW/MEDIUM": 1.2400000095367432,
        "MEDIUM/HIGH": 2.7799999713897705,
        "HIGH/CRITICAL": 3.8499999046325684
    },
    "deceleration": {
        "LOW/MEDIUM": 1.2000000476837158,
        "MEDIUM/HIGH": 2.799999952316284,
        "HIGH/CRITICAL": 3.869999885559082
    },
    "jerk": {
        "LOW/MEDIUM": 9.84000015258789,
        "MEDIUM/HIGH": 20.3799991607666,
        "HIGH/CRITICAL": 26.31999969482422
    },
    "waiting_period": {
        "LOW/MEDIUM": 0.0,
        "MEDIUM/HIGH": 0.33000001311302185,
        "HIGH/CRITICAL": 1.7400000095367432
    },
    "kalman_difficulty": {
        "LOW/MEDIUM": 0.27000001072883606,
        "MEDIUM/HIGH": 8.029999732971191,
        "HIGH/CRITICAL": 14.300000190734863
    }
}
