{
    "inv_separation": {
        "LOW/MEDIUM": 0.009999999776482582,
        "MEDIUM/HIGH": 0.029999999329447746,
        "HIGH/CRITICAL": 0.05999999865889549
    },
    "separation": {
        "LOW/MEDIUM": 29.469999313354492,
        "MEDIUM/HIGH": 67.62999725341797,
        "HIGH/CRITICAL": 83.56999969482422
    },
    "intersection": {
        "LOW/MEDIUM": 0.0,
        "MEDIUM/HIGH": 0.0,
        "HIGH/CRITICAL": 0.0
    },
    "collision": {
        "LOW/MEDIUM": 0.0,
        "MEDIUM/HIGH": 0.0,
        "HIGH/CRITICAL": 0.0
    },
    "inv_mttcp": {
        "LOW/MEDIUM": 0.0,
        "MEDIUM/HIGH": 0.2,
        "HIGH/CRITICAL": 10.0
    },
    "mttcp": {
        "LOW/MEDIUM": 1000000.0,
        "MEDIUM/HIGH": 1000000.0,
        "HIGH/CRITICAL": 1000000.0
    },
    "inv_thw": {
        "LOW/MEDIUM": 0.0,
        "MEDIUM/HIGH": 0.03999999910593033,
        "HIGH/CRITICAL": 10.0
    },
    "thw": {
        "LOW/MEDIUM": 27.309999465942383,
        "MEDIUM/HIGH": 1000000.0,
        "HIGH/CRITICAL": 39694501.92
    },
    "inv_ttc": {
        "LOW/MEDIUM": 0.0,
        "MEDIUM/HIGH": 0.17,
        "HIGH/CRITICAL": 10.0
    },
    "ttc": {
        "LOW/MEDIUM": 1000000.0,
        "MEDIUM/HIGH": 1000000.0,
        "HIGH/CRITICAL": 1000000.0
    },
    "drac": {
        "LOW/MEDIUM": 0.0,
        "MEDIUM/HIGH": 0.63,
        "HIGH/CRITICAL": 3.0
    }
}
