{
    "10": 0.9456132411956787,
    "25": 1.026947021484375,
    "50": 1.2017979621887207,
    "75": 1.5684640407562256,
    "90": 2.278444957733155,
    "95": 2.8962104320526088,
    "99": 7.5
}
