{
    "10": 0.9883952260017395,
    "25": 1.0959507822990417,
    "50": 1.2901582717895508,
    "75": 1.6678058505058289,
    "90": 2.4455153465271007,
    "95": 3.1216812372207636,
    "99": 7.900000095367432
}
