{
    "10": 0.9467464089393616,
    "25": 1.029112696647644,
    "50": 1.201703667640686,
    "75": 1.545263946056366,
    "90": 2.253269481658936,
    "95": 2.8545133829116818,
    "99": 7.5
}
