{
    "speed": {
        "10": 0.5945382833480836,
        "25": 1.0752034783363342,
        "50": 1.5236257314682007,
        "75": 1.9241665601730347,
        "90": 3.7139170646667488,
        "95": 7.194448232650744,
        "99": 11.395935344696035
    },
    "speed_limit_diff": {
        "10": 5.693853378295898,
        "25": 6.553296089172363,
        "50": 10.102602005004883,
        "75": 12.670570373535156,
        "90": 15.296858215332032,
        "95": 16.83138675689696,
        "99": 19.306825637817383
    },
    "acceleration": {
        "10": 1.4778330087661744,
        "25": 2.4901705980300903,
        "50": 3.8743956089019775,
        "75": 7.005357980728149,
        "90": 15.63902320861817,
        "95": 32.8973262786865,
        "99": 95.04416778564408
    },
    "deceleration": {
        "10": 1.5378055334091187,
        "25": 2.539063572883606,
        "50": 4.122529029846191,
        "75": 7.224594593048096,
        "90": 17.3066879272461,
        "95": 44.72164039611816,
        "99": 98.17803009033187
    },
    "jerk": {
        "10": 8.373297882080077,
        "25": 13.548139572143555,
        "50": 20.830711364746094,
        "75": 36.919498443603516,
        "90": 81.94683074951176,
        "95": 180.31537933349608,
        "99": 358.5427954101557
    },
    "waiting_period": {
        "10": 0.027525713294744493,
        "25": 0.07460352405905724,
        "50": 0.24686487019062042,
        "75": 0.8578626811504364,
        "90": 2.755031251907351,
        "95": 4.499293518066402,
        "99": 7.7771832656860225
    },
    "kalman_difficulty": {
        "10": 0.0,
        "25": 0.0,
        "50": 0.0,
        "75": 0.18734896183013916,
        "90": 1.372101831436158,
        "95": 2.903467154502867,
        "99": 7.296783924102767
    }
}
