{
    "speed": {
        "10": 0.0,
        "25": 0.0,
        "50": 0.0,
        "75": 7.14487361907959,
        "90": 14.630069541931157,
        "95": 17.865762329101557,
        "99": 24.8253369140625
    },
    "speed_limit_diff": {
        "10": 6.020145416259766,
        "25": 6.705599784851074,
        "50": 10.816352844238281,
        "75": 14.528799057006836,
        "90": 17.58394432067871,
        "95": 18.859498977661133,
        "99": 20.11680030822754
    },
    "acceleration": {
        "10": 0.0,
        "25": 0.0,
        "50": 0.0,
        "75": 7.3576436042785645,
        "90": 23.37157821655274,
        "95": 40.019058990478456,
        "99": 92.23332122802712
    },
    "deceleration": {
        "10": 0.0,
        "25": 0.0,
        "50": 0.0,
        "75": 6.6537017822265625,
        "90": 21.72522430419922,
        "95": 39.378652191162054,
        "99": 104.93896362304687
    },
    "jerk": {
        "10": 0.0,
        "25": 0.0,
        "50": 0.0,
        "75": 29.617202758789062,
        "90": 71.05690765380861,
        "95": 119.88999633789062,
        "99": 382.9904321288991
    },
    "waiting_period": {
        "10": 0.0,
        "25": 0.01539710070937872,
        "50": 0.1766582429409027,
        "75": 0.5670078992843628,
        "90": 1.419013833999634,
        "95": 2.487473773956298,
        "99": 5.688521862030028
    },
    "kalman_difficulty": {
        "10": 0.0,
        "25": 0.0,
        "50": 0.0,
        "75": 0.0,
        "90": 8.897757720947268,
        "95": 23.271281814575193,
        "99": 45.12015014648434
    }
}
