{
    "inv_separation": {
        "1": 0.010208027809858322,
        "10": 0.011983212549239397,
        "25": 0.014812740962952375,
        "50": 0.02098061889410019,
        "75": 0.03556176368147135,
        "90": 0.06827687174081806,
        "95": 0.10200190879404543,
        "99": 0.23809122428297996
    },
    "separation": {
        "1": 4.20006983757019,
        "10": 14.64624710083008,
        "25": 28.120088577270508,
        "50": 47.66303634643555,
        "75": 67.50945091247559,
        "90": 83.45007476806641,
        "95": 90.80193099975585,
        "99": 97.96211639404297
    },
    "intersection": {
        "1": 0.0
    },
    "collision": {
        "1": 0.0
    },
    "inv_mttcp": {
        "1": 0.0,
        "95": 0.7310615837573995,
        "99": 10.0
    },
    "mttcp": {
        "1": 0.002335071563720703,
        "10": 1000000.0
    },
    "inv_thw": {
        "1": 0.0,
        "75": 5.774365519073399e-07,
        "90": 0.44258138537406955,
        "95": 1.3499171376228327,
        "99": 10.0
    },
    "thw": {
        "1": 0.013583275368437172,
        "10": 2.2594705104827884,
        "25": 1000000.0,
        "95": 8731669.39999999,
        "99": 31604740.77999999
    },
    "inv_ttc": {
        "1": 0.0,
        "90": 0.27136358320713044,
        "95": 0.9159544229507443,
        "99": 10.0
    },
    "ttc": {
        "1": 0.014189058896154173,
        "10": 3.68509202003479,
        "25": 1000000.0
    },
    "drac": {
        "1": 0.0,
        "90": 1.0325775146484375,
        "95": 4.233428096771237,
        "99": 15.0
    }
}
