{
    "speed": {
        "1": 0.25141375660896303,
        "10": 0.644827127456665,
        "25": 1.1134552359580994,
        "50": 1.5219705700874329,
        "75": 1.968530535697937,
        "90": 4.365642452239994,
        "95": 7.775473952293379,
        "99": 11.642907056808474
    },
    "speed_limit_diff": {
        "1": 4.3465395402908324,
        "10": 5.835102319717407,
        "25": 6.688916921615601,
        "50": 10.121376991271973,
        "75": 12.658039569854736,
        "90": 15.609768199920655,
        "95": 17.12260417938232,
        "99": 19.26836082458496
    },
    "acceleration": {
        "1": 0.0,
        "10": 1.4447592973709107,
        "25": 2.505178213119507,
        "50": 4.02897834777832,
        "75": 7.411612033843994,
        "90": 19.38263015747071,
        "95": 44.360338401794394,
        "99": 100.3693047332764
    },
    "deceleration": {
        "1": 0.0,
        "10": 1.4943741083145146,
        "25": 2.523287832736969,
        "50": 4.064898490905762,
        "75": 7.40700626373291,
        "90": 20.312847518920922,
        "95": 50.14047107696533,
        "99": 104.4165196990967
    },
    "jerk": {
        "1": -1.370047671794891,
        "10": 8.479895401000977,
        "25": 13.561814546585083,
        "50": 21.087238311767578,
        "75": 37.72172164916992,
        "90": 97.86645812988287,
        "95": 200.94108657836847,
        "99": 407.055583190918
    },
    "waiting_period": {
        "1": 0.0,
        "10": 0.025182631611824036,
        "25": 0.06753391213715076,
        "50": 0.2213960886001587,
        "75": 0.7812625765800476,
        "90": 2.5442694902420064,
        "95": 4.3708640575408815,
        "99": 7.845469665527345
    },
    "kalman_difficulty": {
        "1": 0.0,
        "10": 0.0,
        "25": 0.0,
        "50": 0.0,
        "75": 0.1665123850107193,
        "90": 1.3699783444404603,
        "95": 2.895646870136261,
        "99": 6.8304188299179085
    }
}
