{
    "speed": {
        "10": 1.1140981912612915,
        "25": 2.9888851642608643,
        "50": 4.955125331878662,
        "75": 6.729385852813721,
        "90": 8.911952018737793,
        "95": 10.251709365844725,
        "99": 12.936784057617187
    },
    "speed_limit_diff": {
        "10": 6.774360847473145,
        "25": 8.933713912963867,
        "50": 11.663359642028809,
        "75": 14.633724212646484,
        "90": 16.359369659423827,
        "95": 17.00426788330078,
        "99": 18.328855285644533
    },
    "acceleration": {
        "10": 3.9974088191986086,
        "25": 6.886761665344238,
        "50": 11.302594184875488,
        "75": 16.54936408996582,
        "90": 24.04952621459961,
        "95": 31.017700958251904,
        "99": 98.29105895996109
    },
    "deceleration": {
        "10": 3.91713981628418,
        "25": 6.500436305999756,
        "50": 10.249067306518555,
        "75": 16.249881744384766,
        "90": 23.517877197265623,
        "95": 29.335222625732417,
        "99": 60.94082641601563
    },
    "jerk": {
        "10": 22.479991912841797,
        "25": 36.83613586425781,
        "50": 60.984920501708984,
        "75": 95.15858459472656,
        "90": 136.70248107910152,
        "95": 195.72530517578113,
        "99": 469.6612707519536
    },
    "waiting_period": {
        "10": 0.0,
        "25": 0.0,
        "50": 0.007515062112361193,
        "75": 0.5766527056694031,
        "90": 2.768750858306883,
        "95": 4.203610801696776,
        "99": 7.924185619354248
    },
    "kalman_difficulty": {
        "10": 0.0,
        "25": 0.0,
        "50": 0.0,
        "75": 1.6728636026382446,
        "90": 10.245313453674315,
        "95": 15.160600090026845,
        "99": 24.255576248168946
    }
}
