{
    "speed": {
        "1": 0.0,
        "75": 6.498066186904907,
        "90": 13.962675476074219,
        "95": 17.170340728759765,
        "99": 22.947580947875974
    },
    "speed_limit_diff": {
        "1": 2.2351999282836914,
        "10": 6.1468000411987305,
        "25": 6.705599784851074,
        "50": 10.757960319519043,
        "75": 14.528799057006836,
        "90": 17.582246780395508,
        "95": 18.859500885009766,
        "99": 20.11680030822754
    },
    "acceleration": {
        "1": 0.0,
        "75": 1.1816072463989258,
        "90": 2.8694016456604015,
        "95": 4.33419103622436,
        "99": 13.972602882385253
    },
    "deceleration": {
        "1": 0.0,
        "75": 0.9755642116069794,
        "90": 2.83667793273926,
        "95": 4.353800201416014,
        "99": 14.388086128234859
    },
    "jerk": {
        "1": 0.0,
        "75": 7.176838159561157,
        "90": 16.72272567749024,
        "95": 29.02230625152588,
        "99": 97.42489669799804
    },
    "waiting_period": {
        "1": 0.0,
        "25": 0.01596207357943058,
        "50": 0.1897754669189453,
        "75": 0.5893675684928894,
        "90": 1.4565680503845218,
        "95": 2.4808132410049435,
        "99": 6.073561315536498
    },
    "kalman_difficulty": {
        "1": 0.0,
        "90": 8.200307655334473,
        "95": 22.784757423400876,
        "99": 45.65938034057617
    }
}
