{
    "inv_separation": {
        "1": 0.010207670629024506,
        "10": 0.011943549662828446,
        "25": 0.014745543245226145,
        "50": 0.020721817389130592,
        "75": 0.03376036323606968,
        "90": 0.06039180606603626,
        "95": 0.08993855491280556,
        "99": 0.1829587444663048
    },
    "separation": {
        "1": 5.465711975097657,
        "10": 16.55853614807129,
        "25": 29.620532035827637,
        "50": 48.25831604003906,
        "75": 67.81710052490234,
        "90": 83.72720184326174,
        "95": 90.804483795166,
        "99": 97.9655453491211
    },
    "intersection": {
        "1": 0.0
    },
    "collision": {
        "1": 0.0
    },
    "inv_mttcp": {
        "1": 0.0,
        "99": 10.0
    },
    "mttcp": {
        "1": 0.015852366685867307,
        "10": 1000000.0
    },
    "inv_thw": {
        "1": 0.0,
        "75": 0.05440972372889519,
        "90": 0.38638783693313605,
        "95": 1.0668480873107908,
        "99": 10.0
    },
    "thw": {
        "1": 0.025941878482699392,
        "10": 2.5880722999572754,
        "25": 18.37906551361084,
        "50": 1000000.0,
        "99": 20140602.120000217
    },
    "inv_ttc": {
        "1": 0.0,
        "90": 0.3147130966186525,
        "95": 0.8619059324264522,
        "99": 10.0
    },
    "ttc": {
        "1": 0.02421588934957981,
        "10": 3.177496385574341,
        "25": 1000000.0
    },
    "drac": {
        "1": 0.0,
        "90": 1.205055427551273,
        "95": 3.761875772476196,
        "99": 15.0
    }
}
