{
    "speed": {
        "1": 0.4990578600764275,
        "10": 1.2495535969734193,
        "25": 3.1151813864707947,
        "50": 5.202464818954468,
        "75": 6.7545777559280396,
        "90": 8.312117767333984,
        "95": 9.808570957183838,
        "99": 12.956205472946166
    },
    "speed_limit_diff": {
        "1": 4.740333924293518,
        "10": 6.485043525695801,
        "25": 8.550292730331421,
        "50": 11.307001113891602,
        "75": 13.68000078201294,
        "90": 16.02238655090332,
        "95": 17.364054965972898,
        "99": 19.2439733505249
    },
    "acceleration": {
        "1": 0.0,
        "10": 4.1755341529846195,
        "25": 7.691534519195557,
        "50": 11.718385219573975,
        "75": 16.49058485031128,
        "90": 22.60948085784912,
        "95": 27.869376754760744,
        "99": 44.51023361206054
    },
    "deceleration": {
        "1": 0.0,
        "10": 4.171589851379395,
        "25": 7.2154704332351685,
        "50": 11.187633991241455,
        "75": 16.378533840179443,
        "90": 22.905091285705563,
        "95": 29.42456874847412,
        "99": 47.237464294433565
    },
    "jerk": {
        "1": -3.8199540996551513,
        "10": 24.04462127685547,
        "25": 41.32255554199219,
        "50": 65.8488655090332,
        "75": 95.62853813171387,
        "90": 130.55193176269532,
        "95": 165.94983367919912,
        "99": 245.56217575073237
    },
    "waiting_period": {
        "1": 0.0,
        "10": 0.0,
        "25": 0.0,
        "50": 0.0,
        "75": 0.2857550382614136,
        "90": 1.6972784280776967,
        "95": 3.605058181285847,
        "99": 6.9456555652618315
    },
    "kalman_difficulty": {
        "1": 0.0,
        "10": 0.0,
        "25": 0.0,
        "50": 0.0,
        "75": 2.063622295856476,
        "90": 9.57654619216919,
        "95": 14.19026126861572,
        "99": 23.30149543762199
    }
}
