{
    "inv_separation": {
        "1": 0.010241324165835976,
        "10": 0.012275390140712262,
        "25": 0.015466071665287018,
        "50": 0.022306334227323532,
        "75": 0.03829438239336014,
        "90": 0.07464597299695017,
        "95": 0.11400688365101808,
        "99": 0.28953092575073147
    },
    "separation": {
        "1": 3.4538615918159485,
        "10": 13.39656925201416,
        "25": 26.11348867416382,
        "50": 44.8303165435791,
        "75": 64.65765953063965,
        "90": 81.46380844116212,
        "95": 89.51422882080078,
        "99": 97.64362304687498
    },
    "intersection": {
        "1": 0.0
    },
    "collision": {
        "1": 0.0
    },
    "inv_mttcp": {
        "1": 0.0,
        "95": 0.7896063834428785,
        "99": 10.0
    },
    "mttcp": {
        "1": 0.002108813524246216,
        "10": 1000000.0
    },
    "inv_thw": {
        "1": 0.0,
        "75": 8.812617835474157e-07,
        "90": 0.3872616648674016,
        "95": 1.2248245239257807,
        "99": 10.0
    },
    "thw": {
        "1": 0.012830274542793632,
        "10": 2.5822324752807617,
        "25": 1000000.0,
        "95": 6308122.724999973,
        "99": 28590311.459999867
    },
    "inv_ttc": {
        "1": 0.0,
        "90": 0.23668580055236826,
        "95": 0.7931827604770654,
        "99": 10.0
    },
    "ttc": {
        "1": 0.015918239131569863,
        "10": 4.225009536743164,
        "25": 1000000.0
    },
    "drac": {
        "1": 0.0,
        "90": 0.6478953778743755,
        "95": 2.4191171288490287,
        "99": 15.0
    }
}
