{
    "speed": {
        "1": 0.0,
        "10": 0.0,
        "25": 0.0,
        "50": 0.0,
        "75": 7.0553975105285645,
        "90": 14.640701103210448,
        "95": 17.96802177429199,
        "99": 25.2502404785156
    },
    "speed_limit_diff": {
        "1": 2.354283676147461,
        "10": 6.286499500274658,
        "25": 6.705599784851074,
        "50": 10.896599769592285,
        "75": 14.617761611938477,
        "90": 17.60219955444336,
        "95": 18.859500885009766,
        "99": 20.11680030822754
    },
    "acceleration": {
        "1": 0.0,
        "10": 0.0,
        "25": 0.0,
        "50": 0.0,
        "75": 7.36488151550293,
        "90": 23.363179779052732,
        "95": 40.544751739501876,
        "99": 92.72738647460908
    },
    "deceleration": {
        "1": 0.0,
        "10": 0.0,
        "25": 0.0,
        "50": 0.0,
        "75": 6.4153923988342285,
        "90": 21.16718978881836,
        "95": 38.927807617187476,
        "99": 104.51559509277332
    },
    "jerk": {
        "1": 0.0,
        "10": 0.0,
        "25": 0.0,
        "50": 0.0,
        "75": 30.026451110839844,
        "90": 73.20840148925781,
        "95": 123.78661346435547,
        "99": 393.31138549804575
    },
    "waiting_period": {
        "1": 0.0,
        "10": 0.0,
        "25": 0.018301164731383324,
        "50": 0.18990209698677063,
        "75": 0.5884063243865967,
        "90": 1.4568395376205443,
        "95": 2.4833170890808076,
        "99": 6.052324142456054
    },
    "kalman_difficulty": {
        "1": 0.0,
        "10": 0.0,
        "25": 0.0,
        "50": 0.0,
        "75": 0.0,
        "90": 8.230565071105948,
        "95": 22.847563934326157,
        "99": 45.57308486938473
    }
}
