{
    "inv_separation": {
        "1": 0.010679943598806857,
        "10": 0.014361252263188363,
        "25": 0.021309005096554756,
        "50": 0.0487152524292469,
        "75": 0.13083453476428986,
        "90": 0.3320188879966736,
        "95": 0.4869870722293851,
        "99": 0.9673844194412231
    },
    "separation": {
        "1": 1.0337142610549928,
        "10": 3.0118760108947753,
        "25": 7.643240928649902,
        "50": 20.527450561523438,
        "75": 46.92851638793945,
        "90": 69.63192749023439,
        "95": 80.33764648437494,
        "99": 93.63345458984375
    },
    "intersection": {
        "1": 0.0
    },
    "collision": {
        "1": 0.0
    },
    "inv_mttcp": {
        "1": 0.0,
        "75": 1.5125848054885864,
        "90": 10.0
    },
    "mttcp": {
        "1": 0.00012334823608398438,
        "10": 0.009501314163208015,
        "25": 0.6611189246177673,
        "50": 1000000.0
    },
    "inv_thw": {
        "1": 0.0,
        "50": 0.3569876551628113,
        "75": 1.8676741123199463,
        "90": 6.598949813842775,
        "95": 10.0
    },
    "thw": {
        "1": 0.001104673077352345,
        "10": 0.15153838992118837,
        "25": 0.5354242920875549,
        "50": 2.8012163639068604,
        "75": 1000000.0
    },
    "inv_ttc": {
        "1": 0.0,
        "50": 0.016827238723635674,
        "75": 0.5366040468215942,
        "90": 2.1583350658416753,
        "95": 6.779877376556389,
        "99": 10.0
    },
    "ttc": {
        "1": 0.00824214905500412,
        "10": 0.4633204638957978,
        "25": 1.8635704517364502,
        "50": 59.42745590209961,
        "75": 1000000.0
    },
    "drac": {
        "1": 0.0,
        "50": 0.002271218691021204,
        "75": 0.4436964988708496,
        "90": 2.2097647666931164,
        "95": 7.068791294097876,
        "99": 15.0
    }
}
