{
    "inv_separation": {
        "1": 0.010392356254160405,
        "10": 0.013081148266792297,
        "25": 0.017613939940929413,
        "50": 0.028022779151797295,
        "75": 0.05541592463850975,
        "90": 0.17602370381355298,
        "95": 0.43751174211501853,
        "99": 2.48949496269226
    },
    "separation": {
        "1": 0.40168689489364623,
        "10": 5.68105230331421,
        "25": 18.045352935791016,
        "50": 35.68525314331055,
        "75": 56.773216247558594,
        "90": 76.44588623046876,
        "95": 85.08043212890622,
        "99": 96.22456726074219
    },
    "intersection": {
        "1": 0.0
    },
    "collision": {
        "1": 0.0,
        "99": 1.0
    },
    "inv_mttcp": {
        "1": 0.0,
        "90": 1.0588742017745982,
        "95": 10.0
    },
    "mttcp": {
        "1": 0.002487833499908447,
        "10": 0.9443982362747195,
        "25": 1000000.0
    },
    "inv_thw": {
        "1": 0.0,
        "75": 0.12109586596488953,
        "90": 0.6882372498512279,
        "95": 1.9086239099502549,
        "99": 10.0
    },
    "thw": {
        "1": 0.053075816929340366,
        "10": 1.4529864311218268,
        "25": 8.257919311523438,
        "50": 1000000.0
    },
    "inv_ttc": {
        "1": 0.0,
        "75": 0.04135075584053993,
        "90": 0.4629732668399811,
        "95": 1.4091781377792356,
        "99": 10.0
    },
    "ttc": {
        "1": 0.06938308328390122,
        "10": 2.159950923919678,
        "25": 24.183353424072266,
        "50": 1000000.0
    },
    "drac": {
        "1": 0.0,
        "75": 0.018212422728538513,
        "90": 1.239846920967103,
        "95": 4.305906486511227,
        "99": 15.0
    }
}
