{
    "speed": {
        "LOW/MEDIUM": 0.0,
        "MEDIUM/HIGH": 6.5,
        "HIGH/CRITICAL": 13.960000038146973
    },
    "speed_limit_diff": {
        "LOW/MEDIUM": 6.710000038146973,
        "MEDIUM/HIGH": 14.529999732971191,
        "HIGH/CRITICAL": 17.579999923706055
    },
    "acceleration": {
        "LOW/MEDIUM": 0.0,
        "MEDIUM/HIGH": 1.1799999475479126,
        "HIGH/CRITICAL": 2.869999885559082
    },
    "deceleration": {
        "LOW/MEDIUM": 0.0,
        "MEDIUM/HIGH": 0.9800000190734863,
        "HIGH/CRITICAL": 2.8399999141693115
    },
    "jerk": {
        "LOW/MEDIUM": 0.0,
        "MEDIUM/HIGH": 7.179999828338623,
        "HIGH/CRITICAL": 16.719999313354492
    },
    "waiting_period": {
        "LOW/MEDIUM": 0.019999999552965164,
        "MEDIUM/HIGH": 0.5299999713897705,
        "HIGH/CRITICAL": 1.2400000095367432
    },
    "kalman_difficulty": {
        "LOW/MEDIUM": 0.0,
        "MEDIUM/HIGH": 2.559999942779541,
        "HIGH/CRITICAL": 20.969999313354492
    }
}
