{
    "inv_separation": {
        "1": 0.01030707461759448,
        "10": 0.012533163651823997,
        "25": 0.015872856602072716,
        "50": 0.023405402898788452,
        "75": 0.04103404842317104,
        "90": 0.0892527848482132,
        "95": 0.1529972180724144,
        "99": 0.4052544444799398
    },
    "separation": {
        "1": 2.4675885438919067,
        "10": 11.204131126403809,
        "25": 24.370004653930664,
        "50": 42.72517776489258,
        "75": 63.00063133239746,
        "90": 79.78831481933594,
        "95": 87.88804626464844,
        "99": 97.0207420349121
    },
    "intersection": {
        "1": 0.0
    },
    "collision": {
        "1": 0.0
    },
    "inv_mttcp": {
        "1": 0.0,
        "95": 1.7813985347747803,
        "99": 10.0
    },
    "mttcp": {
        "1": 0.0017946779727935791,
        "10": 1000000.0
    },
    "inv_thw": {
        "1": 0.0,
        "75": 0.09270543232560158,
        "90": 0.3923855423927307,
        "95": 1.136730134487152,
        "99": 10.0
    },
    "thw": {
        "1": 0.02934201639145613,
        "10": 2.5485129356384277,
        "25": 10.786853313446045,
        "50": 1000000.0
    },
    "inv_ttc": {
        "1": 0.0,
        "90": 0.2554076910018921,
        "95": 0.6947610080242157,
        "99": 10.0
    },
    "ttc": {
        "1": 0.026526878587901592,
        "10": 3.9153077602386475,
        "25": 1000000.0
    },
    "drac": {
        "1": 0.0,
        "90": 0.5531453490257263,
        "95": 1.5697947144508362,
        "99": 15.0
    }
}
