{
    "speed": {
        "1": 0.3090840631723404,
        "10": 0.8740220069885254,
        "25": 2.6005574464797974,
        "50": 4.5046141147613525,
        "75": 6.028528451919556,
        "90": 7.544520139694215,
        "95": 8.708543205261227,
        "99": 12.458901023864756
    },
    "speed_limit_diff": {
        "1": 4.027824029922486,
        "10": 6.165168046951294,
        "25": 8.23695158958435,
        "50": 11.029037475585938,
        "75": 13.45868730545044,
        "90": 15.710878658294678,
        "95": 17.192063045501705,
        "99": 18.959702987670898
    },
    "acceleration": {
        "1": 0.0,
        "10": 0.5712807774543763,
        "25": 1.2386380434036255,
        "50": 1.947536051273346,
        "75": 2.775917887687683,
        "90": 3.847967100143433,
        "95": 4.787095689773556,
        "99": 7.027622599601746
    },
    "deceleration": {
        "1": 0.0,
        "10": 0.5798288583755493,
        "25": 1.2039236724376678,
        "50": 1.917442262172699,
        "75": 2.802035093307495,
        "90": 3.8714929580688477,
        "95": 4.598935985565184,
        "99": 7.0304303359985365
    },
    "jerk": {
        "1": 2.9025504330766616e-13,
        "10": 6.085546731948853,
        "25": 9.840183973312378,
        "50": 14.497292041778564,
        "75": 20.381442546844482,
        "90": 26.319656944274904,
        "95": 30.819442462921142,
        "99": 41.242081375122105
    },
    "waiting_period": {
        "1": 0.0,
        "75": 0.4154593273997307,
        "90": 2.0155614614486703,
        "95": 3.77316445112228,
        "99": 7.023456306457529
    },
    "kalman_difficulty": {
        "1": 0.0,
        "75": 2.148335576057434,
        "90": 9.268338203430188,
        "95": 14.170699739456174,
        "99": 23.27489265441904
    }
}
