{
    "speed": {
        "1": 0.17560503125190735,
        "10": 0.46926349401474,
        "25": 0.8941333889961243,
        "50": 1.319935917854309,
        "75": 1.653272271156311,
        "90": 2.9108972072601325,
        "95": 4.807201671600337,
        "99": 8.243173828125004
    },
    "speed_limit_diff": {
        "1": 3.8666938591003417,
        "10": 5.675275135040283,
        "25": 6.642951250076294,
        "50": 9.992013931274414,
        "75": 12.540992736816406,
        "90": 15.519353866577148,
        "95": 16.978307914733882,
        "99": 19.065522956848145
    },
    "acceleration": {
        "1": 0.0,
        "10": 0.14244613051414493,
        "25": 0.4184988886117935,
        "50": 0.7070004940032959,
        "75": 1.3052005767822266,
        "90": 3.729220008850098,
        "95": 9.073056507110591,
        "99": 17.80874702453614
    },
    "deceleration": {
        "1": 0.0,
        "10": 0.17295741438865664,
        "25": 0.43056710064411163,
        "50": 0.7160033583641052,
        "75": 1.274174451828003,
        "90": 3.5851364135742214,
        "95": 9.147205924987777,
        "99": 17.96728607177735
    },
    "jerk": {
        "1": 0.0,
        "10": 1.9864455938339234,
        "25": 3.3128167390823364,
        "50": 5.031778812408447,
        "75": 8.821571826934814,
        "90": 28.108436203002935,
        "95": 59.29036636352535,
        "99": 107.58006149292001
    },
    "waiting_period": {
        "1": 0.0,
        "10": 0.024393396824598314,
        "25": 0.06793255731463432,
        "50": 0.22693462669849396,
        "75": 0.8128270506858826,
        "90": 2.706035232543946,
        "95": 4.546033191680902,
        "99": 8.05031116485598
    },
    "kalman_difficulty": {
        "1": 0.0,
        "75": 0.15725013613700867,
        "90": 1.3659151792526254,
        "95": 2.934969687461853,
        "99": 6.952472658157358
    }
}
